Species,a,b,R_squared,Sample_Size
Bream,0.0025953690177529646,3.390931232441516,0.8643080387072297,12
Roach,0.007915727965465236,3.0461237853160776,0.9439083340643609,14
Whitefish,0.003331117633096575,3.3600386899640844,0.9777419149625499,6
Parkki,0.011351707823236162,3.017699555136311,0.9736386063204544,10
Perch,0.006227126320712491,3.162687827847285,0.9889873300866897,56
Pike,0.0024624107865286677,3.201095154213302,0.9799409597739965,17
Smelt,0.005152241509335209,2.976795283655973,0.9137639950957163,14
