model,parameters,train_time,mae,rmse,r2_score
Linear Regressor,6,0.10364794731140137,389.96368408203125,563.2291107977286,-0.8625129461288452
Small MLP Regressor,225,0.1080780029296875,367.6518859863281,539.4041562224006,-0.7082746028900146
Medium MLP Regressor,2497,0.11899852752685547,271.079833984375,433.1317279419738,-0.10146093368530273
Deep MLP Regressor,9089,0.1328566074371338,212.44017028808594,244.939644989332,0.6477530002593994
